Employee ID,Name,Age,Salary,Company
101,Employee 1,43,67604,TechNova Ltd
102,Employee 2,36,51829,TechNova Ltd
103,Employee 3,44,53201,TechNova Ltd
104,Employee 4,41,32545,TechNova Ltd
105,Employee 5,59,54959,TechNova Ltd
106,Employee 6,41,85493,TechNova Ltd
107,Employee 7,57,64811,TechNova Ltd
108,Employee 8,34,61129,TechNova Ltd
109,Employee 9,51,43842,TechNova Ltd
110,Employee 10,26,37054,TechNova Ltd
111,Employee 11,42,66913,TechNova Ltd
112,Employee 12,43,81291,TechNova Ltd
113,Employee 13,26,75264,TechNova Ltd
114,Employee 14,45,54498,TechNova Ltd
115,Employee 15,29,61367,TechNova Ltd
116,Employee 16,49,53293,TechNova Ltd
117,Employee 17,60,80622,TechNova Ltd
118,Employee 18,58,53862,TechNova Ltd
119,Employee 19,59,59641,TechNova Ltd
120,Employee 20,48,86932,TechNova Ltd
121,Employee 21,34,83490,TechNova Ltd
122,Employee 22,60,56508,TechNova Ltd
123,Employee 23,58,49866,TechNova Ltd
124,Employee 24,47,71810,TechNova Ltd
125,Employee 25,56,48210,TechNova Ltd
126,Employee 26,42,31694,TechNova Ltd
127,Employee 27,36,88883,TechNova Ltd
128,Employee 28,54,86905,TechNova Ltd
129,Employee 29,57,45751,TechNova Ltd
130,Employee 30,35,36493,TechNova Ltd
131,Employee 31,35,35498,TechNova Ltd
132,Employee 32,50,51039,TechNova Ltd
133,Employee 33,35,76006,TechNova Ltd
134,Employee 34,31,46203,TechNova Ltd
135,Employee 35,51,63019,TechNova Ltd
136,Employee 36,55,81545,TechNova Ltd
137,Employee 37,53,56155,TechNova Ltd
138,Employee 38,32,79391,TechNova Ltd
139,Employee 39,30,73981,TechNova Ltd
140,Employee 40,37,86869,TechNova Ltd
141,Employee 41,26,81480,TechNova Ltd
142,Employee 42,59,68852,TechNova Ltd
143,Employee 43,33,31026,TechNova Ltd
144,Employee 44,45,86196,TechNova Ltd
145,Employee 45,29,50114,TechNova Ltd
146,Employee 46,24,37151,TechNova Ltd
147,Employee 47,57,78418,TechNova Ltd
148,Employee 48,42,70227,TechNova Ltd
149,Employee 49,24,78321,TechNova Ltd
150,Employee 50,53,56194,TechNova Ltd
